word,count
cigar,3993843.0
rebut,235254.0
sissy,1410911.0
humph,60767.0
awake,3230337.0
blush,1722003.0
focal,5844761.0
evade,605626.0
naval,8091649.0
serve,36697856.0
heath,6139151.0
dwarf,3072068.0
model,161205740.0
karma,6862407.0
stink,872742.0
grade,54275130.0
quiet,16746894.0
bench,8992211.0
abate,470646.0
feign,116753.0
major,122592252.0
death,83216831.0
fresh,38781893.0
crust,2267452.0
stool,3031945.0
colon,5494297.0
abase,29383.0
marry,4388137.0
react,4126376.0
batty,416010.0
pride,14428078.0
floss,1013783.0
helix,2921411.0
croak,169181.0
staff,151553180.0
paper,134939426.0
unfed,20266.0
whelp,70407.0
trawl,553588.0
outdo,146433.0
adobe,27538755.0
crazy,23032837.0
sower,137381.0
repay,1746487.0
digit,6991045.0
crate,2336818.0
cluck,134048.0
spike,4833410.0
mimic,1187154.0
pound,13620117.0
maxim,3820484.0
linen,4960413.0
unmet,590631.0
flesh,6768724.0
booby,379438.0
forth,20149609.0
first,578161543.0
stand,46292709.0
belly,7346354.0
ivory,7146685.0
seedy,284954.0
print,178250872.0
yearn,300957.0
drain,6411642.0
bribe,646492.0
stout,1939514.0
panel,53784382.0
crass,408565.0
flume,173970.0
offal,194416.0
agree,47500911.0
error,89396475.0
swirl,1251090.0
argue,8353605.0
bleed,1989071.0
delta,28051872.0
flick,2226500.0
totem,955271.0
wooer,16161.0
front,100886343.0
shrub,1458217.0
parry,1371591.0
biome,174268.0
lapel,1119712.0
start,161913408.0
greet,1784219.0
goner,80810.0
golem,444797.0
lusty,702157.0
loopy,263368.0
round,61836702.0
audit,20786243.0
lying,8260845.0
gamma,35426622.0
labor,37866418.0
islet,488105.0
civic,10283668.0
forge,5226805.0
corny,378659.0
moult,75151.0
basic,84840226.0
salad,8923706.0
agate,900451.0
spicy,3170817.0
spray,15148133.0
essay,11750312.0
fjord,387543.0
spend,26713310.0
kebab,248067.0
guild,7923630.0
aback,272920.0
motor,40615655.0
alone,39326417.0
hatch,3896261.0
hyper,3153749.0
thumb,7284386.0
dowry,275011.0
ought,7523238.0
belch,115135.0
dutch,19000979.0
pilot,21909830.0
tweed,1631867.0
comet,3116034.0
jaunt,180434.0
enema,1329511.0
steed,701658.0
abyss,1152408.0
growl,461820.0
fling,682999.0
dozen,9776227.0
boozy,71828.0
erode,774411.0
world,431934249.0
gouge,240551.0
click,536746424.0
briar,630788.0
great,301487430.0
altar,2627835.0
pulpy,41088.0
blurt,86781.0
coast,47716394.0
duchy,339003.0
groin,784476.0
fixer,554896.0
group,321842984.0
rogue,4576302.0
badly,5290145.0
smart,36636558.0
pithy,194285.0
gaudy,248813.0
chill,4489643.0
heron,1576813.0
vodka,2155662.0
finer,1455912.0
surer,73497.0
radio,113285624.0
rouge,6084449.0
perch,1235177.0
retch,37821.0
wrote,56421594.0
clock,26624872.0
tilde,344748.0
store,291308910.0
prove,16046788.0
bring,57608074.0
solve,13452150.0
cheat,9903572.0
grime,514156.0
exult,151420.0
usher,4948609.0
epoch,1680235.0
triad,1519533.0
break,51242970.0
rhino,2619135.0
viral,5969493.0
conic,216832.0
masse,515818.0
sonic,7298920.0
vital,14166642.0
trace,11697252.0
using,269448880.0
peach,3938068.0
champ,2867858.0
baton,4229776.0
brake,9321885.0
pluck,891481.0
craze,962477.0
gripe,545043.0
weary,1632945.0
picky,711200.0
acute,11128841.0
ferry,9208954.0
aside,11768649.0
tapir,86809.0
troll,2079165.0
unify,631185.0
rebus,227042.0
boost,13675076.0
truss,1484384.0
siege,2518421.0
tiger,13763074.0
banal,260129.0
slump,878659.0
crank,2185208.0
gorge,1950264.0
query,31284313.0
drink,29254937.0
favor,11867822.0
abbey,4224864.0
tangy,333638.0
panic,6396440.0
solar,20423792.0
shire,2665081.0
proxy,10773043.0
point,175527859.0
robot,12656312.0
prick,891337.0
wince,717079.0
crimp,640746.0
knoll,965905.0
sugar,22450333.0
whack,725891.0
mount,36648260.0
perky,1360009.0
could,302311431.0
wrung,121159.0
light,126699632.0
those,270014141.0
moist,2140516.0
shard,287428.0
pleat,266830.0
aloft,497342.0
skill,15835076.0
elder,7299470.0
frame,46079991.0
humor,18085495.0
pause,4606318.0
ulcer,1336605.0
ultra,21795075.0
robin,11423944.0
cynic,525906.0
aroma,2018777.0
caulk,245944.0
shake,6839319.0
dodge,14768509.0
swill,92032.0
tacit,594255.0
other,978481319.0
thorn,1421673.0
trove,702353.0
bloke,766763.0
vivid,4479514.0
spill,3890646.0
chant,1374428.0
choke,1448146.0
rupee,2831536.0
nasty,7434847.0
mourn,779010.0
ahead,28375319.0
brine,816003.0
cloth,9764137.0
hoard,433375.0
sweet,32311923.0
month,123027963.0
lapse,1459542.0
watch,92006970.0
today,239271204.0
focus,65626732.0
smelt,301053.0
tease,2019275.0
cater,2092828.0
movie,158421100.0
saute,546457.0
allow,67052567.0
renew,6561081.0
their,782849411.0
slosh,51634.0
purge,1366135.0
chest,13516414.0
depot,9688338.0
epoxy,1908076.0
nymph,697326.0
found,232005894.0
shall,191963867.0
harry,33867934.0
stove,3914849.0
lowly,543486.0
snout,258314.0
trope,109419.0
fewer,10792786.0
shawl,1011728.0
natal,3010028.0
comma,2711522.0
foray,499808.0
scare,2972708.0
stair,2012524.0
black,244690155.0
squad,8744772.0
royal,45407189.0
chunk,2371231.0
mince,328039.0
shame,6785296.0
cheek,2681029.0
ample,3187842.0
flair,1924190.0
foyer,1042532.0
cargo,9748668.0
oxide,5321340.0
plant,53247607.0
olive,9298184.0
inert,935898.0
askew,473664.0
heist,419629.0
shown,68755779.0
zesty,210124.0
hasty,700024.0
trash,7092806.0
fella,639391.0
larva,462298.0
forgo,340426.0
story,138433809.0
hairy,19060619.0
train,31816971.0
homer,4281428.0
badge,6145138.0
midst,3381410.0
canny,209480.0
fetus,1744267.0
butch,1213820.0
farce,727546.0
slung,253265.0
tipsy,279464.0
metal,56181783.0
yield,15022494.0
delve,640909.0
being,242783091.0
scour,411478.0
glass,63559754.0
gamer,3144985.0
scrap,3757085.0
money,190205072.0
hinge,1758893.0
album,77914316.0
vouch,388963.0
asset,18178753.0
tiara,923335.0
crept,588735.0
bayou,1397958.0
atoll,908471.0
manor,7084688.0
creak,124122.0
showy,294798.0
phase,40722940.0
froth,278469.0
depth,31879926.0
gloom,878018.0
flood,13979267.0
trait,1705417.0
girth,492919.0
piety,595389.0
payer,1439009.0
goose,3739382.0
float,8808655.0
donor,7096675.0
atone,152901.0
primo,912120.0
apron,1617357.0
blown,4229918.0
cacao,331714.0
loser,2529180.0
input,57191675.0
gloat,113594.0
awful,5217370.0
brink,1484879.0
smite,270393.0
beady,87974.0
rusty,2780895.0
retro,8000179.0
droll,196087.0
gawky,31136.0
hutch,1373107.0
pinto,1108872.0
gaily,131276.0
egret,394773.0
lilac,1738684.0
sever,686306.0
field,135289140.0
fluff,814535.0
hydro,3725464.0
flack,408860.0
agape,414471.0
voice,64600528.0
stead,724786.0
stalk,936028.0
berth,1056010.0
madam,2023575.0
night,130531484.0
bland,1606490.0
liver,12139363.0
wedge,3162851.0
augur,120764.0
roomy,574188.0
wacky,1861879.0
flock,2585098.0
angry,9267505.0
bobby,8964342.0
trite,287494.0
aphid,295138.0
tryst,205722.0
midge,308737.0
power,226596368.0
elope,74984.0
cinch,427247.0
motto,1894147.0
stomp,1168038.0
upset,5544484.0
bluff,3906671.0
cramp,402123.0
quart,2002127.0
coyly,52174.0
youth,51426255.0
rhyme,1530733.0
buggy,1955438.0
alien,10490554.0
smear,1289528.0
unfit,814145.0
patty,2339693.0
cling,946281.0
glean,232952.0
label,41359857.0
hunky,279599.0
khaki,1481504.0
poker,129054826.0
gruel,82196.0
twice,19945569.0
twang,243118.0
shrug,720506.0
treat,19442315.0
unlit,94251.0
waste,41089558.0
merit,6450895.0
woven,4248524.0
octal,557500.0
needy,1636137.0
clown,3081501.0
widow,3804620.0
irony,2212193.0
ruder,89666.0
gauze,556178.0
chief,45699591.0
onset,3858839.0
prize,16204739.0
fungi,2000715.0
charm,10554644.0
gully,800734.0
inter,15269346.0
whoop,331753.0
taunt,295148.0
leery,168700.0
class,191087771.0
theme,37219937.0
lofty,1018661.0
tibia,620778.0
booze,1178694.0
alpha,27832836.0
thyme,1007823.0
eclat,123738.0
doubt,20311261.0
parer,38034.0
chute,834005.0
stick,22399126.0
trice,354532.0
alike,6220739.0
sooth,141125.0
recap,2861982.0
saint,38929141.0
liege,598284.0
glory,13158826.0
grate,672155.0
admit,8780656.0
brisk,774000.0
soggy,331525.0
usurp,171456.0
scald,101839.0
scorn,622924.0
leave,70957750.0
twine,415457.0
sting,2773263.0
bough,520067.0
marsh,5073104.0
sloth,519428.0
dandy,1098188.0
vigor,977544.0
howdy,726642.0
enjoy,50141455.0
valid,57094711.0
ionic,1808092.0
equal,34832354.0
unset,1035406.0
floor,53759851.0
catch,20400979.0
spade,1567565.0
stein,3893544.0
exist,25349128.0
quirk,444069.0
denim,4737554.0
grove,15189493.0
spiel,811922.0
mummy,1878933.0
fault,13112664.0
foggy,704386.0
flout,72396.0
carry,33056477.0
sneak,2280877.0
libel,866830.0
waltz,1723021.0
aptly,598371.0
piney,394672.0
inept,458533.0
aloud,3743858.0
photo,227125249.0
dream,33518573.0
stale,1065657.0
vomit,767124.0
ombre,243069.0
fanny,1516099.0
unite,2888724.0
snarl,184639.0
baker,14862470.0
there,701170205.0
glyph,632257.0
pooch,348386.0
hippy,608617.0
spell,8506049.0
folly,1367992.0
louse,178544.0
gulch,647573.0
vault,5408483.0
godly,725475.0
threw,4410853.0
fleet,10364423.0
grave,6929008.0
inane,319343.0
shock,14850388.0
crave,1199466.0
spite,4493143.0
valve,11325360.0
skimp,107336.0
claim,40085342.0
rainy,2469088.0
musty,237343.0
pique,664313.0
daddy,9211193.0
quasi,2804115.0
arise,8337093.0
aging,12014007.0
valet,2052690.0
opium,1330299.0
avert,767435.0
stuck,9120620.0
recut,146984.0
mulch,833160.0
genre,22344091.0
plume,1269109.0
rifle,5047417.0
count,40345803.0
incur,1984112.0
total,222649459.0
wrest,185267.0
mocha,933522.0
deter,1887521.0
study,152978354.0
lover,9234545.0
safer,5085040.0
rivet,616847.0
funny,34281806.0
smoke,16567733.0
mound,2259654.0
undue,1377567.0
sedan,4769270.0
pagan,3805644.0
swine,1578713.0
guile,1026260.0
gusty,202515.0
equip,4044391.0
tough,13560922.0
canoe,3790795.0
chaos,8690268.0
covet,219812.0
human,160573748.0
udder,175766.0
lunch,20807419.0
blast,9387171.0
stray,1807545.0
manga,12774174.0
melee,1034523.0
lefty,978333.0
quick,85584600.0
paste,8913055.0
given,125542966.0
octet,2280607.0
risen,2619862.0
groan,473578.0
leaky,650957.0
grind,2482307.0
carve,952422.0
loose,12556710.0
sadly,3905175.0
spilt,214786.0
apple,50551171.0
slack,1954286.0
honey,9978043.0
final,97649084.0
sheen,1124463.0
eerie,772484.0
minty,218953.0
slick,2372634.0
derby,6319608.0
wharf,2226856.0
spelt,431427.0
coach,24514961.0
erupt,300083.0
singe,106880.0
price,501651226.0
spawn,1908837.0
fairy,6435300.0
jiffy,475865.0
filmy,657205.0
stack,11090579.0
chose,9409845.0
sleep,29491537.0
ardor,155258.0
nanny,3025474.0
niece,1151039.0
woozy,72439.0
handy,7936655.0
grace,17642126.0
ditto,1386002.0
stank,100733.0
cream,25898758.0
usual,17044981.0
diode,1897828.0
valor,1193133.0
angle,17016075.0
ninja,4439780.0
muddy,1860188.0
chase,10971945.0
reply,184777992.0
prone,3001079.0
spoil,1419320.0
heart,90249265.0
shade,6996835.0
diner,2261961.0
arson,989351.0
onion,6384730.0
sleet,305148.0
dowel,285802.0
couch,4581367.0
palsy,1409502.0
bowel,2666510.0
smile,13893537.0
evoke,804417.0
creek,38159464.0
lance,5509634.0
eagle,16785232.0
idiot,4635830.0
siren,1354779.0
built,61502894.0
embed,1217930.0
award,59652161.0
dross,154345.0
annul,146490.0
goody,733518.0
frown,742356.0
patio,7627536.0
laden,5964620.0
humid,1026485.0
elite,12673836.0
lymph,1781845.0
edify,69341.0
might,123196001.0
reset,10021033.0
visit,187062316.0
gusto,512932.0
purse,5488891.0
vapor,3744912.0
crock,918524.0
write,126645151.0
sunny,9497382.0
loath,151677.0
chaff,294863.0
slide,22339084.0
queer,2717979.0
venom,1883158.0
stamp,9760468.0
sorry,35595812.0
still,190433487.0
acorn,1825652.0
aping,42534.0
pushy,255990.0
tamer,355602.0
hater,467834.0
mania,3688699.0
awoke,688520.0
brawn,191036.0
swift,5850031.0
exile,2801261.0
birch,2936180.0
lucky,14053901.0
freer,534734.0
risky,2412508.0
ghost,14490042.0
plier,260940.0
lunar,3611744.0
winch,1016374.0
snare,1311615.0
nurse,16772151.0
house,231310420.0
borax,172497.0
nicer,1239249.0
lurch,204983.0
exalt,193526.0
about,1226734006.0
savvy,3140230.0
toxin,1495922.0
tunic,727598.0
pried,82841.0
inlay,965778.0
chump,270215.0
lanky,146488.0
cress,279364.0
eater,1702828.0
elude,215496.0
cycle,29585286.0
kitty,6414935.0
boule,116726.0
moron,1017416.0
tenet,834143.0
place,220970235.0
lobby,6887477.0
plush,4692870.0
vigil,1183443.0
index,242826246.0
blink,5257629.0
clung,365864.0
qualm,34744.0
croup,149483.0
clink,164177.0
juicy,3778910.0
stage,52518330.0
decay,4956622.0
nerve,6567418.0
flier,542812.0
shaft,6431372.0
crook,1067661.0
clean,45381752.0
china,124472054.0
ridge,15993437.0
vowel,1033509.0
gnome,12609820.0
snuck,274495.0
icing,1277602.0
spiny,366114.0
rigor,513599.0
snail,1580640.0
flown,1749635.0
rabid,612676.0
prose,3085898.0
thank,63234550.0
poppy,1805254.0
budge,418361.0
fiber,15530318.0
moldy,208515.0
dowdy,161797.0
kneel,417602.0
track,112385243.0
caddy,1094377.0
quell,292803.0
dumpy,88067.0
paler,152772.0
swore,663914.0
rebar,281535.0
scuba,6366349.0
splat,350981.0
flyer,5718564.0
horny,12363955.0
mason,9461838.0
doing,80821946.0
ozone,5865280.0
amply,321480.0
molar,650262.0
ovary,1003163.0
beset,373969.0
queue,7398569.0
cliff,5898886.0
magic,36676771.0
truce,897431.0
sport,62683851.0
fritz,2309089.0
edict,382916.0
twirl,234072.0
verse,7469512.0
llama,1033922.0
eaten,3412832.0
range,128314924.0
whisk,591308.0
hovel,76694.0
rehab,6460331.0
macaw,261749.0
sigma,11864409.0
spout,905624.0
verve,1218256.0
sushi,3488691.0
dying,9123557.0
fetid,75712.0
brain,33612784.0
buddy,23611087.0
thump,456603.0
scion,2245350.0
candy,13772033.0
chord,3123447.0
basin,10544774.0
march,158281269.0
crowd,11409218.0
arbor,5057261.0
gayly,29264.0
musky,177529.0
stain,3512824.0
dally,142954.0
bless,5477461.0
bravo,2772503.0
stung,404657.0
title,196676017.0
ruler,2615554.0
kiosk,1808146.0
blond,5155053.0
ennui,145576.0
layer,26912270.0
fluid,12943336.0
tatty,130077.0
score,69315004.0
cutie,3305791.0
zebra,2902469.0
barge,1319916.0
matey,104596.0
bluer,80668.0
aider,140957.0
shook,2917411.0
river,78843808.0
privy,742055.0
betel,126006.0
frisk,152512.0
bongo,767108.0
begun,8636352.0
azure,1042257.0
weave,1965230.0
genie,1627726.0
sound,100010833.0
glove,4714578.0
braid,981945.0
scope,23349420.0
wryly,93928.0
rover,8537021.0
assay,3855224.0
ocean,31928741.0
bloom,5456938.0
irate,256072.0
later,84857974.0
woken,364304.0
silky,1749406.0
wreck,2447935.0
dwelt,512083.0
slate,3813904.0
smack,1451860.0
solid,37426444.0
amaze,791672.0
hazel,2841268.0
wrist,6143580.0
jolly,2522092.0
globe,14554904.0
flint,3230800.0
rouse,812361.0
civil,49495349.0
vista,13991160.0
relax,8856944.0
cover,94501729.0
alive,16064787.0
beech,2327119.0
jetty,765224.0
bliss,3708978.0
vocal,9082826.0
often,92551460.0
dolly,2266400.0
eight,32567724.0
joker,1492319.0
since,214302926.0
event,125515260.0
ensue,347067.0
shunt,604152.0
diver,2452406.0
poser,1361002.0
worst,16975343.0
sweep,3623863.0
alley,4541475.0
creed,3398609.0
anime,31334688.0
leafy,704018.0
bosom,712863.0
dunce,112570.0
stare,1925618.0
pudgy,89451.0
waive,1789027.0
choir,5156247.0
stood,11116275.0
spoke,11577917.0
outgo,34007.0
delay,21911190.0
bilge,412304.0
ideal,26036289.0
clasp,1354393.0
seize,1908868.0
hotly,364264.0
laugh,9822471.0
sieve,851108.0
block,49694725.0
meant,17832930.0
grape,3638159.0
noose,378201.0
hardy,4748572.0
shied,103457.0
drawl,112289.0
daisy,5124326.0
putty,1065017.0
strut,1271153.0
burnt,3221640.0
tulip,2406691.0
crick,362258.0
idyll,120651.0
vixen,885674.0
furor,177433.0
geeky,987806.0
cough,3451640.0
naive,1848489.0
shoal,435185.0
stork,728360.0
bathe,494252.0
aunty,239524.0
check,244491090.0
prime,38308402.0
brass,14298573.0
outer,11245167.0
furry,1887389.0
razor,3451657.0
elect,5748899.0
evict,211591.0
imply,4491299.0
demur,45556.0
quota,3245515.0
haven,10569212.0
cavil,27985.0
swear,3082372.0
crump,328553.0
dough,3032657.0
gavel,352668.0
wagon,5198530.0
salon,10079006.0
nudge,942601.0
harem,435962.0
pitch,9800556.0
sworn,2332355.0
pupil,4167137.0
excel,14133468.0
stony,1907651.0
cabin,8052267.0
unzip,1014009.0
queen,32366847.0
trout,5369048.0
polyp,197981.0
earth,61059905.0
storm,22242164.0
until,113090086.0
taper,1294069.0
enter,119394206.0
child,119747393.0
adopt,11272339.0
minor,29782623.0
fatty,5363547.0
husky,1606901.0
brave,5221356.0
filet,550472.0
slime,869502.0
glint,272373.0
tread,1672572.0
steal,6257493.0
regal,2236787.0
guest,55293215.0
every,189325890.0
murky,532036.0
share,119294241.0
spore,589081.0
hoist,905107.0
buxom,237464.0
inner,17552078.0
otter,1662335.0
dimly,342692.0
level,202563642.0
sumac,181045.0
donut,836168.0
stilt,188393.0
arena,13966572.0
sheet,44295187.0
scrub,2360299.0
fancy,8777135.0
slimy,346686.0
pearl,18707334.0
silly,6833654.0
porch,3420626.0
dingo,420174.0
sepia,741438.0
amble,141586.0
shady,2059463.0
bread,13575360.0
friar,422181.0
reign,3505605.0
dairy,8781961.0
quill,790160.0
cross,74230978.0
brood,1042305.0
tuber,243798.0
shear,2886210.0
posit,292597.0
blank,18150537.0
villa,17587586.0
shank,1311484.0
piggy,1053871.0
freak,3908219.0
which,810514085.0
among,83431590.0
fecal,1032064.0
shell,20599318.0
would,572644147.0
algae,2068644.0
large,165863763.0
rabbi,3488700.0
agony,1543205.0
amuse,554922.0
bushy,445882.0
copse,90567.0
swoon,248694.0
knife,11297715.0
pouch,4023912.0
ascot,888745.0
plane,17799728.0
crown,16651038.0
urban,38087999.0
snide,238032.0
relay,9275052.0
abide,3722809.0
viola,2458792.0
rajah,157089.0
straw,3958211.0
dilly,161256.0
crash,15302627.0
amass,181774.0
third,95489240.0
trick,8208473.0
tutor,4635949.0
woody,4355633.0
blurb,776249.0
grief,4552843.0
disco,7067687.0
where,360468339.0
sassy,1657970.0
beach,105642682.0
sauna,4202256.0
comic,16695850.0
clued,125391.0
creep,1811981.0
caste,1166877.0
graze,364990.0
snuff,861230.0
frock,185379.0
gonad,95676.0
drunk,10519219.0
prong,1059042.0
lurid,226354.0
steel,49452604.0
halve,240290.0
buyer,42024703.0
vinyl,17009819.0
utile,287546.0
smell,6642666.0
adage,419158.0
worry,13243591.0
tasty,3565676.0
local,270742935.0
trade,110086585.0
finch,1816047.0
ashen,184747.0
modal,1718570.0
gaunt,338487.0
clove,698870.0
enact,1263603.0
adorn,464591.0
roast,3205415.0
speck,757962.0
sheik,596893.0
missy,1925451.0
grunt,616546.0
snoop,2787168.0
party,144707500.0
touch,36831035.0
mafia,2666020.0
emcee,294621.0
array,25150016.0
south,238581133.0
vapid,110502.0
jelly,3698541.0
skulk,24018.0
angst,1232364.0
tubal,566730.0
lower,72606927.0
crest,5477034.0
sweat,4551615.0
cyber,9289150.0
adore,1176240.0
tardy,303140.0
swami,900023.0
notch,3302495.0
groom,2637912.0
roach,3017586.0
hitch,2730000.0
young,136341684.0
align,5478643.0
ready,62667516.0
frond,86555.0
strap,11414669.0
puree,438733.0
realm,6122762.0
venue,14204074.0
swarm,1158175.0
offer,126228968.0
seven,44224906.0
dryer,5592001.0
diary,14922472.0
dryly,96792.0
drank,1777243.0
acrid,104638.0
heady,434375.0
theta,5070673.0
junto,128329.0
pixie,1037554.0
quoth,282770.0
bonus,27819488.0
shalt,1854326.0
penne,400010.0
amend,7806844.0
datum,2226219.0
build,77203075.0
piano,19419956.0
shelf,11287023.0
lodge,21541130.0
suing,816011.0
rearm,45604.0
coral,8818272.0
ramen,373754.0
worth,48075237.0
psalm,2220027.0
infer,1104540.0
overt,871540.0
mayor,15030847.0
ovoid,105072.0
glide,1731344.0
usage,25440406.0
poise,339263.0
randy,8110369.0
chuck,9574825.0
prank,825027.0
fishy,658490.0
tooth,5551049.0
ether,1877315.0
drove,5545848.0
idler,358013.0
swath,438339.0
stint,855795.0
while,226194991.0
begat,191296.0
apply,76341478.0
slang,1817718.0
tarot,3561389.0
radar,14982375.0
credo,446499.0
aware,25700328.0
canon,41144763.0
shift,19811555.0
timer,7488669.0
bylaw,1070798.0
serum,5854942.0
three,223417394.0
steak,4413680.0
iliac,181298.0
shirk,194196.0
blunt,4129800.0
puppy,6662287.0
penal,1467202.0
joist,194739.0
bunny,5730050.0
shape,25675227.0
beget,119815.0
wheel,25342937.0
adept,1595303.0
stunt,1754828.0
stole,2814273.0
topaz,2348935.0
chore,565322.0
fluke,1168887.0
afoot,364417.0
bloat,315923.0
bully,1532418.0
dense,5225392.0
caper,485193.0
sneer,203583.0
boxer,3592432.0
jumbo,3237095.0
lunge,199129.0
space,121505269.0
avail,3902711.0
short,106755242.0
slurp,495920.0
loyal,4498834.0
flirt,1817719.0
pizza,14763787.0
conch,379190.0
tempo,3372997.0
droop,156194.0
plate,24275560.0
bible,45080741.0
plunk,106835.0
afoul,159727.0
savoy,1246516.0
steep,3399504.0
agile,1808955.0
stake,5061965.0
dwell,2014411.0
knave,149542.0
beard,3166516.0
arose,2609029.0
motif,2961524.0
smash,3192001.0
broil,479526.0
glare,1567097.0
shove,847364.0
baggy,419677.0
mammy,145805.0
swamp,2575587.0
along,83444756.0
rugby,12992179.0
wager,1366964.0
quack,484886.0
squat,925062.0
snaky,18580.0
debit,4633794.0
mange,250483.0
skate,4932092.0
ninth,4390562.0
joust,160309.0
tramp,1087707.0
spurn,79323.0
medal,7747036.0
micro,22219932.0
rebel,6527810.0
flank,910609.0
learn,179428286.0
nadir,353146.0
maple,9704551.0
comfy,1245404.0
remit,1111713.0
gruff,237505.0
ester,1581770.0
least,111229798.0
mogul,753098.0
fetch,2897593.0
cause,65904680.0
oaken,69075.0
aglow,110328.0
meaty,395095.0
gaffe,132748.0
shyly,213165.0
racer,3625077.0
prowl,343421.0
thief,2970770.0
stern,4643592.0
poesy,62166.0
rocky,10404321.0
tweet,168757.0
waist,5013500.0
spire,725421.0
grope,160148.0
havoc,1692191.0
patsy,1064602.0
truly,21693553.0
forty,7415064.0
deity,1262430.0
uncle,8127694.0
swish,949054.0
giver,698546.0
preen,73524.0
bevel,571985.0
lemur,287912.0
draft,35033621.0
slope,6469975.0
annoy,1497815.0
lingo,1055245.0
bleak,1088632.0
ditty,281979.0
curly,2231026.0
cedar,9484993.0
dirge,384505.0
grown,13931521.0
horde,3026646.0
drool,539170.0
shuck,116293.0
crypt,1904607.0
cumin,612220.0
stock,176295589.0
gravy,1441099.0
locus,3009222.0
wider,8186703.0
breed,7716901.0
quite,58777731.0
chafe,118832.0
cache,17250923.0
blimp,263458.0
deign,94806.0
fiend,670385.0
logic,23989892.0
cheap,97049762.0
elide,23795.0
rigid,4240019.0
false,33476460.0
renal,4494106.0
pence,1009358.0
rowdy,510507.0
shoot,12695618.0
blaze,2448412.0
envoy,1574245.0
posse,1038358.0
brief,32599674.0
never,149556758.0
abort,1569892.0
mouse,33667003.0
mucky,111308.0
sulky,156355.0
fiery,1838655.0
media,216432510.0
trunk,11020361.0
yeast,6083904.0
clear,88447610.0
skunk,937406.0
scalp,1356840.0
bitty,409188.0
cider,1743446.0
koala,922217.0
duvet,1567578.0
segue,234120.0
creme,1724183.0
super,66703287.0
grill,10254124.0
after,372948094.0
owner,58189056.0
ember,488846.0
reach,35687918.0
nobly,118764.0
empty,26206017.0
speed,83135749.0
gipsy,387772.0
recur,378119.0
smock,220361.0
dread,1649823.0
merge,5961585.0
burst,5147573.0
kappa,2793667.0
amity,540428.0
shaky,766843.0
hover,1553261.0
carol,11109404.0
snort,1522943.0
synod,1095269.0
faint,2565744.0
haunt,985188.0
flour,5162842.0
chair,40764005.0
detox,2297343.0
shrew,382770.0
tense,2320926.0
plied,243191.0
quark,2286617.0
burly,250632.0
novel,21821189.0
waxen,31767.0
stoic,272080.0
jerky,763325.0
blitz,2476009.0
beefy,366863.0
lyric,6970278.0
hussy,85775.0
towel,4901668.0
quilt,5187075.0
below,145701629.0
bingo,9539002.0
wispy,119494.0
brash,461753.0
scone,213031.0
toast,3262695.0
easel,791426.0
saucy,474568.0
value,182061247.0
spice,7120274.0
honor,16787246.0
route,31439231.0
sharp,24904199.0
bawdy,160667.0
radii,575939.0
skull,4457991.0
phony,765758.0
issue,128427156.0
lager,1050146.0
swell,2213445.0
urine,4903932.0
gassy,63283.0
trial,56547673.0
flora,4756211.0
upper,38341510.0
latch,1777882.0
wight,2190271.0
brick,8094369.0
retry,916420.0
holly,6834032.0
decal,2311933.0
grass,12868953.0
shack,2739743.0
dogma,1016614.0
mover,2309084.0
defer,1207925.0
sober,1672710.0
optic,4558869.0
crier,374599.0
vying,348440.0
nomad,1422041.0
flute,4090740.0
hippo,1146063.0
shark,5904454.0
drier,679179.0
obese,1673406.0
bugle,583867.0
tawny,602308.0
chalk,2498505.0
feast,4166016.0
ruddy,387590.0
pedal,3763705.0
scarf,3181107.0
cruel,4180956.0
bleat,144793.0
tidal,2268649.0
slush,389608.0
semen,1553302.0
windy,2162674.0
dusty,2339959.0
sally,5933047.0
igloo,397625.0
nerdy,431324.0
jewel,5603871.0
shone,704369.0
whale,5928569.0
hymen,341598.0
abuse,36269685.0
fugue,400733.0
elbow,3484326.0
crumb,673404.0
pansy,420775.0
welsh,7346867.0
syrup,3108136.0
terse,287692.0
suave,336960.0
gamut,553397.0
swung,867135.0
drake,4373046.0
freed,2683280.0
afire,113772.0
shirt,40501964.0
grout,628986.0
oddly,1385252.0
tithe,359291.0
plaid,1679093.0
dummy,3230609.0
broom,1312361.0
blind,16485480.0
torch,3360286.0
enemy,14084182.0
again,150781416.0
tying,1898217.0
pesky,619402.0
alter,7831337.0
gazer,129741.0
noble,12604679.0
ethos,946491.0
bride,8650665.0
extol,149713.0
decor,12098868.0
hobby,8237250.0
beast,14787561.0
idiom,554390.0
utter,2096533.0
these,541003982.0
sixth,9920054.0
alarm,17059844.0
erase,3086642.0
elegy,295636.0
spunk,404915.0
piper,3346631.0
scaly,272847.0
scold,170208.0
hefty,905281.0
chick,7771502.0
sooty,220245.0
canal,8278196.0
whiny,225341.0
slash,2935535.0
quake,4544481.0
joint,38827057.0
swept,2612095.0
prude,93351.0
heavy,37668153.0
wield,419233.0
femme,2521124.0
lasso,573529.0
maize,2222076.0
shale,769742.0
screw,8177263.0
spree,1218040.0
smoky,1818184.0
whiff,246582.0
scent,3277212.0
glade,1168016.0
spent,29719451.0
prism,2648058.0
stoke,2552684.0
riper,74056.0
orbit,5389062.0
cocoa,3557169.0
guilt,3623942.0
humus,186734.0
shush,60031.0
table,165341452.0
smirk,403780.0
wrong,49156828.0
noisy,3722908.0
alert,32472727.0
shiny,3192674.0
elate,16161.0
resin,4966700.0
whole,85202530.0
hunch,327195.0
pixel,8813200.0
polar,7715471.0
hotel,297974790.0
sword,8835685.0
cleat,371970.0
mango,2171900.0
rumba,404980.0
puffy,3488647.0
filly,499537.0
billy,13515249.0
leash,1310125.0
clout,639706.0
dance,51147967.0
ovate,143727.0
facet,1221287.0
chili,4553187.0
paint,21926890.0
liner,4486145.0
curio,506765.0
salty,1196416.0
audio,127014703.0
snake,7606395.0
fable,1678751.0
cloak,1450056.0
navel,1503077.0
spurt,325911.0
pesto,521625.0
balmy,210906.0
flash,68391647.0
unwed,125824.0
early,100013194.0
churn,694218.0
weedy,160228.0
stump,1357079.0
lease,17180592.0
witty,1753886.0
wimpy,258895.0
spoof,907481.0
saner,84491.0
blend,9680982.0
salsa,4234056.0
thick,14030556.0
warty,111349.0
manic,1448525.0
blare,49365.0
squib,112968.0
spoon,4000406.0
probe,9643801.0
crepe,768351.0
knack,616898.0
force,79199815.0
debut,7220643.0
order,336631187.0
haste,1059853.0
teeth,9769437.0
agent,57103658.0
widen,1178278.0
icily,21127.0
slice,4628779.0
ingot,234052.0
clash,3531117.0
juror,837876.0
blood,61348302.0
abode,1246541.0
throw,15751985.0
unity,8657709.0
pivot,1734444.0
slept,2370802.0
troop,2609404.0
spare,10009522.0
sewer,5008805.0
parse,3698919.0
morph,759670.0
cacti,478989.0
tacky,519106.0
spool,1499516.0
demon,4602331.0
moody,3776452.0
annex,8465905.0
begin,45434902.0
fuzzy,5241931.0
patch,39999745.0
water,215178488.0
lumpy,296904.0
admin,37835381.0
omega,10289113.0
limit,38290292.0
tabby,504455.0
macho,797523.0
aisle,1917319.0
skiff,281833.0
basis,59901425.0
plank,1265284.0
verge,1422550.0
botch,92410.0
crawl,2859784.0
lousy,1095083.0
slain,1281084.0
cubic,5774261.0
raise,21099943.0
wrack,68820.0
guide,213378807.0
foist,55908.0
cameo,1517437.0
under,313296421.0
actor,16282891.0
revue,1290094.0
fraud,15378751.0
harpy,107008.0
scoop,5272369.0
climb,5697476.0
refer,27099706.0
olden,318215.0
clerk,11923960.0
debar,52384.0
tally,1812605.0
ethic,1333320.0
cairn,688283.0
tulle,336799.0
ghoul,247064.0
hilly,511265.0
crude,5119129.0
apart,16507181.0
scale,46307526.0
older,44222089.0
plain,23747230.0
sperm,5944531.0
briny,66915.0
abbot,992552.0
rerun,763880.0
quest,14258533.0
crisp,3880385.0
bound,22303643.0
befit,31021.0
drawn,14827380.0
suite,44829675.0
itchy,1181967.0
cheer,3648929.0
bagel,792721.0
guess,28743465.0
broad,21370126.0
axiom,1495473.0
chard,459373.0
caput,105633.0
leant,101406.0
harsh,4087715.0
curse,3982181.0
proud,17167504.0
swing,12734467.0
opine,103450.0
taste,17311343.0
lupus,1538621.0
gumbo,467464.0
miner,2264812.0
green,108287905.0
chasm,517410.0
lipid,2662396.0
topic,149001702.0
armor,6001844.0
brush,10018684.0
crane,4888961.0
mural,1367338.0
abled,122479.0
habit,4880657.0
bossy,163576.0
maker,16635947.0
dusky,390563.0
dizzy,1424316.0
lithe,135670.0
brook,6044943.0
jazzy,849457.0
fifty,8133138.0
sense,52629633.0
giant,17098874.0
surly,372213.0
legal,142048771.0
fatal,6779744.0
flunk,79790.0
began,38269468.0
prune,688443.0
small,208371878.0
slant,1313083.0
scoff,177728.0
torus,509986.0
ninny,38726.0
covey,720367.0
viper,2201559.0
taken,87019836.0
moral,13643598.0
vogue,2159792.0
owing,2399321.0
token,5672353.0
entry,80717798.0
booth,7723310.0
voter,4905374.0
chide,66368.0
elfin,168528.0
ebony,14831025.0
neigh,211412.0
minim,165667.0
melon,1355214.0
kneed,71162.0
decoy,514956.0
voila,506278.0
ankle,4146793.0
arrow,11563142.0
mushy,275321.0
tribe,7890695.0
cease,4081957.0
eager,4175668.0
birth,36286070.0
graph,15526746.0
odder,60826.0
terra,3747696.0
weird,11556427.0
tried,34201786.0
clack,246726.0
color,112965658.0
rough,11557184.0
weigh,3587993.0
uncut,3929056.0
ladle,372653.0
strip,18711440.0
craft,16528294.0
minus,7025364.0
dicey,161963.0
titan,3974407.0
lucid,1105349.0
vicar,825292.0
dress,27318959.0
ditch,2373753.0
gypsy,2201227.0
pasta,5855460.0
taffy,411033.0
flame,8527495.0
swoop,467481.0
aloof,294291.0
sight,13360499.0
broke,10460811.0
teary,137396.0
chart,35027490.0
sixty,4851534.0
wordy,180947.0
sheer,6684477.0
leper,200592.0
nosey,132182.0
bulge,881613.0
savor,506115.0
clamp,3639509.0
funky,5587279.0
foamy,226531.0
toxic,9065369.0
brand,82807581.0
plumb,631703.0
dingy,255349.0
butte,2505600.0
drill,8248787.0
tripe,215448.0
bicep,162754.0
tenor,2361385.0
krill,208654.0
worse,15677739.0
drama,20939845.0
hyena,268889.0
think,217856550.0
ratio,26457942.0
cobra,4412823.0
basil,2757419.0
scrum,425870.0
bused,62772.0
phone,256643812.0
court,127719981.0
camel,11005001.0
proof,26305059.0
heard,45436523.0
angel,25294123.0
petal,895903.0
pouty,69818.0
throb,212889.0
maybe,51895609.0
fetal,3127968.0
sprig,143773.0
spine,5370074.0
shout,3965861.0
cadet,1717624.0
macro,9885853.0
dodgy,571643.0
satyr,136838.0
rarer,296244.0
binge,850412.0
trend,15747018.0
nutty,686428.0
leapt,411241.0
amiss,271389.0
split,19998411.0
myrrh,294893.0
width,25182453.0
sonar,1341822.0
tower,20686918.0
baron,3504549.0
fever,8582665.0
waver,217064.0
spark,4842423.0
belie,103562.0
sloop,295505.0
expel,467751.0
smote,276278.0
baler,153800.0
above,141894620.0
north,217809513.0
wafer,1554217.0
scant,543285.0
frill,99652.0
awash,274221.0
snack,3847152.0
scowl,115386.0
frail,696174.0
drift,3889505.0
limbo,847468.0
fence,6796605.0
motel,9170238.0
ounce,3268355.0
wreak,316442.0
revel,546018.0
talon,858061.0
prior,62949059.0
knelt,429464.0
cello,2358848.0
flake,847014.0
debug,9581095.0
anode,768949.0
crime,40361756.0
salve,423303.0
scout,6176157.0
imbue,105068.0
pinky,672775.0
stave,363443.0
vague,2783775.0
chock,508651.0
fight,30784313.0
video,365410017.0
stone,42494931.0
teach,19079783.0
cleft,787981.0
frost,5940685.0
prawn,510828.0
booty,14218854.0
twist,7240854.0
apnea,950562.0
stiff,3492842.0
plaza,14274314.0
ledge,1157598.0
tweak,1705761.0
board,212361059.0
grant,47609624.0
medic,1122716.0
bacon,5385205.0
cable,70082598.0
brawl,567755.0
slunk,40167.0
raspy,105094.0
forum,254478181.0
drone,725818.0
women,242520455.0
mucus,600467.0
boast,1239080.0
toddy,131875.0
coven,295821.0
tumor,7430480.0
truer,254461.0
wrath,2486700.0
stall,2114252.0
steam,11141309.0
axial,1685087.0
purer,145370.0
daily,105837757.0
trail,23648838.0
niche,3999108.0
mealy,116752.0
juice,10973425.0
nylon,10410171.0
plump,3386553.0
merry,6367037.0
flail,155382.0
papal,754586.0
wheat,8685589.0
berry,7551906.0
cower,95006.0
erect,2057313.0
brute,1216912.0
leggy,182670.0
snipe,425778.0
sinew,74869.0
skier,863046.0
penny,7162062.0
jumpy,168187.0
rally,9155530.0
umbra,321800.0
scary,5571680.0
modem,15984492.0
gross,16440590.0
avian,2877167.0
greed,1997460.0
satin,6620674.0
tonic,1393402.0
parka,688453.0
sniff,1041321.0
livid,270785.0
stark,3479265.0
trump,2879094.0
giddy,483433.0
reuse,3950428.0
taboo,3079923.0
avoid,36508203.0
quote,139242226.0
devil,12869511.0
liken,132264.0
gloss,3426618.0
gayer,62075.0
beret,330199.0
noise,25171520.0
gland,2561362.0
dealt,6174968.0
sling,1688770.0
rumor,2455494.0
opera,18225169.0
thigh,2171107.0
tonga,4813052.0
flare,2190533.0
wound,5820050.0
white,209863729.0
bulky,1181562.0
etude,338721.0
horse,58453720.0
circa,3475462.0
paddy,1668962.0
inbox,5845223.0
fizzy,194519.0
grain,10244623.0
exert,1109622.0
surge,5436623.0
gleam,356949.0
belle,5820002.0
salvo,454555.0
crush,3576348.0
fruit,22767191.0
sappy,216405.0
taker,625940.0
tract,5897046.0
ovine,146663.0
spiky,181090.0
frank,31392284.0
reedy,316918.0
filth,2077997.0
spasm,391339.0
heave,296454.0
mambo,5164902.0
right,273620358.0
clank,265523.0
trust,55157142.0
lumen,710305.0
borne,3379421.0
spook,318653.0
sauce,10968629.0
amber,11065507.0
lathe,1073261.0
carat,3398374.0
corer,96129.0
dirty,16101662.0
slyly,103507.0
affix,444121.0
alloy,5468839.0
taint,375008.0
sheep,8962638.0
kinky,3254161.0
wooly,256170.0
mauve,589931.0
flung,838045.0
yacht,5932756.0
fried,4364192.0
quail,1278967.0
brunt,489270.0
grimy,139160.0
curvy,360365.0
cagey,66504.0
rinse,1885846.0
deuce,970434.0
state,453104133.0
grasp,3270025.0
milky,1515925.0
bison,2002028.0
graft,1576259.0
sandy,9897487.0
baste,95369.0
flask,1150132.0
hedge,4041429.0
girly,778626.0
swash,265955.0
boney,409772.0
coupe,4874541.0
endow,195844.0
abhor,169167.0
welch,3031408.0
blade,11527988.0
tight,17981854.0
geese,1299115.0
miser,222219.0
mirth,381439.0
cloud,11337220.0
cabal,531622.0
leech,698609.0
close,107853068.0
tenth,3317039.0
pecan,1118027.0
droit,750988.0
grail,1122474.0
clone,9284578.0
guise,767344.0
ralph,12190683.0
tango,2727306.0
biddy,137910.0
smith,63357901.0
mower,1579636.0
payee,611882.0
serif,2109334.0
drape,484861.0
fifth,16255266.0
spank,5416004.0
glaze,1431525.0
allot,396325.0
truck,32136249.0
kayak,2628993.0
virus,36286003.0
testy,167487.0
tepee,52048.0
fully,48616832.0
zonal,536783.0
metro,18738665.0
curry,4029540.0
grand,56599468.0
banjo,1940675.0
axion,276049.0
bezel,1692595.0
occur,24679212.0
chain,35928367.0
nasal,2536094.0
gooey,335656.0
filer,702264.0
brace,2182960.0
allay,203474.0
pubic,923627.0
raven,4630541.0
plead,1125870.0
gnash,60339.0
flaky,442666.0
munch,699127.0
dully,66436.0
eking,26695.0
thing,97451660.0
slink,196197.0
hurry,3536968.0
theft,12744763.0
shorn,142311.0
pygmy,421975.0
ranch,10539650.0
wring,188579.0
lemon,9066930.0
shore,12568485.0
mamma,1368416.0
froze,594804.0
newer,7122879.0
style,101024266.0
moose,3581329.0
antic,147936.0
drown,1156106.0
vegan,2642418.0
chess,8293823.0
guppy,233792.0
union,72603888.0
lever,3566558.0
lorry,549887.0
image,197874283.0
cabby,61542.0
druid,1160196.0
exact,22304937.0
truth,35345925.0
dopey,169040.0
spear,2942538.0
cried,4352198.0
chime,1115076.0
crony,137861.0
stunk,76458.0
timid,657204.0
batch,7835050.0
gauge,9952466.0
rotor,2003039.0
crack,16633701.0
curve,11071177.0
latte,783412.0
witch,6671560.0
bunch,10355431.0
repel,439316.0
anvil,936808.0
soapy,303519.0
meter,22874915.0
broth,1297117.0
madly,545418.0
dried,6331606.0
scene,29372413.0
known,86395556.0
magma,992528.0
roost,608008.0
woman,70613606.0
thong,7747699.0
punch,6872844.0
pasty,231237.0
downy,288639.0
knead,235592.0
whirl,622629.0
rapid,19070672.0
clang,187651.0
anger,7991036.0
drive,107799371.0
goofy,1187234.0
email,443949646.0
music,414028837.0
stuff,81444510.0
bleep,397961.0
rider,8987802.0
mecca,1298392.0
folio,1842202.0
setup,23534848.0
verso,788583.0
quash,204823.0
fauna,2298940.0
gummy,281705.0
happy,63471922.0
newly,21102330.0
fussy,435961.0
relic,947341.0
guava,259541.0
ratty,148678.0
fudge,1969555.0
femur,446209.0
chirp,240510.0
forte,1795408.0
alibi,448710.0
whine,832743.0
petty,3195594.0
golly,329846.0
plait,103227.0
fleck,454043.0
felon,392714.0
gourd,502106.0
brown,64112042.0
thrum,28106.0
ficus,278867.0
stash,1553737.0
decry,203238.0
wiser,841127.0
junta,629394.0
visor,1850201.0
daunt,38855.0
scree,148396.0
impel,86447.0
await,1745587.0
press,179652730.0
whose,43634263.0
turbo,10058686.0
stoop,360440.0
speak,31324712.0
mangy,55682.0
eying,31044.0
inlet,3433125.0
crone,229759.0
pulse,18893735.0
mossy,470059.0
staid,194345.0
hence,14992334.0
pinch,2082769.0
teddy,5602073.0
sully,458846.0
snore,294125.0
ripen,191197.0
snowy,1631719.0
attic,3347389.0
going,155284081.0
leach,1516929.0
mouth,22880351.0
hound,2228633.0
clump,345355.0
tonal,707113.0
bigot,258267.0
peril,1258951.0
piece,44298807.0
blame,8170544.0
haute,1863024.0
spied,294373.0
undid,126166.0
intro,11938092.0
basal,1821739.0
shine,5881862.0
gecko,1230211.0
rodeo,3587192.0
guard,21137924.0
steer,2159937.0
loamy,138014.0
scamp,810996.0
scram,139774.0
manly,1260481.0
hello,32960381.0
vaunt,17134.0
organ,9077449.0
feral,897865.0
knock,5196013.0
extra,59377307.0
condo,6444848.0
adapt,4675567.0
willy,2273954.0
polka,1242601.0
rayon,934490.0
skirt,9981485.0
faith,35936559.0
torso,1769562.0
match,53532481.0
mercy,6831149.0
tepid,220695.0
sleek,2734565.0
riser,969986.0
twixt,73594.0
peace,47856201.0
flush,5625285.0
catty,107679.0
login,144200144.0
eject,935010.0
roger,15353411.0
rival,4298220.0
untie,146576.0
refit,197564.0
aorta,641057.0
adult,97583096.0
judge,30905832.0
rower,239796.0
artsy,333481.0
rural,30998929.0
shave,2580057.0
agora,797585.0
pupal,68283.0
lynch,4920597.0
fibre,5134463.0
slave,10692715.0
wench,310447.0
